	ACA>AAA	ACC>AAC	ACG>AAG	ACT>AAT	CCA>CAA	CCC>CAC	CCG>CAG	CCT>CAT	GCA>GAA	GCC>GAC	GCG>GAG	GCT>GAT	TCA>TAA	TCC>TAC	TCG>TAG	TCT>TAT	ACA>AGA	ACC>AGC	ACG>AGG	ACT>AGT	CCA>CGA	CCC>CGC	CCG>CGG	CCT>CGT	GCA>GGA	GCC>GGC	GCG>GGG	GCT>GGT	TCA>TGA	TCC>TGC	TCG>TGG	TCT>TGT	ACA>ATA	ACC>ATC	ACG>ATG	ACT>ATT	CCA>CTA	CCC>CTC	CCG>CTG	CCT>CTT	GCA>GTA	GCC>GTC	GCG>GTG	GCT>GTT	TCA>TTA	TCC>TTC	TCG>TTG	TCT>TTT	ATA>AAA	ATC>AAC	ATG>AAG	ATT>AAT	CTA>CAA	CTC>CAC	CTG>CAG	CTT>CAT	GTA>GAA	GTC>GAC	GTG>GAG	GTT>GAT	TTA>TAA	TTC>TAC	TTG>TAG	TTT>TAT	ATA>ACA	ATC>ACC	ATG>ACG	ATT>ACT	CTA>CCA	CTC>CCC	CTG>CCG	CTT>CCT	GTA>GCA	GTC>GCC	GTG>GCG	GTT>GCT	TTA>TCA	TTC>TCC	TTG>TCG	TTT>TCT	ATA>AGA	ATC>AGC	ATG>AGG	ATT>AGT	CTA>CGA	CTC>CGC	CTG>CGG	CTT>CGT	GTA>GGA	GTC>GGC	GTG>GGG	GTT>GGT	TTA>TGA	TTC>TGC	TTG>TGG	TTT>TGT
CATD343a	0.034000160759963	0.0453478561363705	0.0340481228884338	0.0341136553197713	0.0341212579223072	0.033914544757272	0.0339444341004453	0.0339584435387492	0.0448777456357611	0.03382816907201	0.0337456039458706	0.0337347065303156	0.0453215789141358	0.0563105247499956	0.0338591849950956	0.0452138891105598	0.0341616294134891	0.0337809762970163	0.0337034895499067	0.0453494201341599	0.034073674105632	0.0455764267142423	0.0454085406083988	0.0340362959850949	0.0339257886180953	0.0337687185777375	0.0339257301183732	0.0342476446044263	0.0338326794063143	0.034050698514978	0.034156491150456	0.078527084953082	0.0674630107648985	0.0339895886679476	0.0343754380069019	0.0452428502349411	0.0449983830916234	0.0337902107144671	0.0451944026131447	0.0453650210670995	0.0340389993868799	0.0450233877067079	0.0454830340582799	0.0671794558541177	0.0340125090119736	0.0563750467069472	0.045091110341195	0.045109495649241	0.0337970844761602	0.0338253518710798	0.045113648730347	0.0450367295279082	0.0563162124671584	0.0338389821410515	0.0337831794848717	0.0337072982789559	0.0450627740267095	0.0340055628029436	0.0453042398246547	0.0452308390265667	0.0448588711009756	0.0452210306023073	0.0337825436342735	0.0451224390909833	0.0561728630332681	0.0452575194467618	0.0339942285417211	0.0673367904384895	0.0339971770382916	0.045287513396071	0.0562959773275384	0.0339995558374135	0.0565498393247554	0.0453476597045248	0.0455379493319455	0.0339310842449027	0.0341640533429797	0.0341014795638514	0.0336673138818516	0.0337005204846959	0.0340995999926364	0.0338239996757854	0.0335951092387948	0.0339161709179393	0.0567302176866849	0.0453413074834024	0.0566765254175132	0.0564841061594262	0.0452722562905095	0.0337932317045958	0.034228129951196	0.0451733716932262	0.0339011272033523	0.0343723106082743	0.078172876550643	0.0454742363951867
CATD336a	0.0849865667096474	0.113354752394393	0.0851211824724153	0.0852943809980976	0.0853071137896157	0.0847800566808649	0.0848534733743676	0.0849005392766253	0.112197837885609	0.0845692757952013	0.0843646894722061	0.0843377885864868	0.113294876402979	0.140777787444711	0.0846533890933596	0.113031012886083	0.0854006239765684	0.0844506100256773	0.0842556088684447	0.113379276693068	0.0851861067952743	0.113934077207604	0.113536188213743	0.0850792578222844	0.0848096464326373	0.0844345124691581	0.0848105896362411	0.0856242588032524	0.0845805992602173	0.0851290166679356	0.0853927144231774	0.196328827640153	0.16864044022973	0.0849782173776485	0.0859352489814135	0.113107800091221	0.112496555495839	0.0844872017006058	0.11298033212928	0.113411401855911	0.0850908439311907	0.112562650372316	0.113688751875298	0.167946498371051	0.0850177637067531	0.140900796060894	0.112722852147749	0.112786253065776	0.0844931973167744	0.0845647363951924	0.112799346657689	0.112585608450928	0.140801068374159	0.0846056764662104	0.0844502716416693	0.0842785056450964	0.112664912308169	0.0850170606689244	0.113287699051641	0.113072322080751	0.112142475829244	0.113062730723934	0.0844554601845458	0.112806906443207	0.140413482140027	0.113146054794572	0.0849767045951788	0.168350082715781	0.0849863530745247	0.113215206576238	0.140740583952087	0.0850087531686677	0.141369337070566	0.11337355044457	0.113824720863491	0.0848211033809349	0.0854042004297984	0.0852556306082086	0.0841627803179524	0.0842470525418673	0.0852617684948545	0.0845591386882994	0.0839808872456995	0.0847936036521502	0.141851867419292	0.113349988286975	0.14168633638811	0.141239644024608	0.113183457968476	0.0844854852368236	0.0855650362137631	0.11293972695868	0.0847452922572058	0.0859352476200995	0.195441737742796	0.113686961298793
CATD0547a	0.0169989700545584	0.0226734121020388	0.0170239679749808	0.0170569945236398	0.0170603033862347	0.0169567268892903	0.0169714350650791	0.0169790434495074	0.0224391374956426	0.0169137931522091	0.0168727591440634	0.0168666376559845	0.0226594146623448	0.0281564010348366	0.0169299801564952	0.0226061726663711	0.0170812490878233	0.0168906687103795	0.0168515251167267	0.0226747839253088	0.0170366461244046	0.0227878608513412	0.0227038570580458	0.0170171118976005	0.0169630539977532	0.016885429856873	0.0169636982401581	0.017123915301918	0.0169165030852753	0.0170252239689239	0.0170783935707893	0.0392630330719078	0.0337289391372503	0.0169948737280637	0.0171873659058985	0.0226225427415243	0.0224997544179085	0.0168963515687055	0.0225972223414259	0.022683147533813	0.0170194717172928	0.0225128101905117	0.0227404708953228	0.0335909137686541	0.0170050343612654	0.02818642515732	0.0225441328872855	0.0225541582795353	0.0168998172749289	0.0169119763440286	0.0225571376062467	0.0225181929435633	0.0281575535262107	0.0169198793233694	0.0168904212034651	0.0168540859419492	0.0225314083058942	0.0170025662057801	0.0226531755905047	0.0226147815284414	0.0224303919785545	0.0226109798543023	0.0168913089055814	0.0225610081903272	0.0280866271236212	0.0226290282853602	0.016996207783798	0.0336661129346082	0.0169973854868392	0.0226439235804468	0.028149475290525	0.0170000476554709	0.0282753487578574	0.0226746775186681	0.022768941020362	0.0169654709620143	0.017081834714348	0.0170509176573967	0.0168343416313979	0.0168498350575993	0.0170496647296976	0.0169117244954667	0.0167975739808886	0.0169598552645623	0.0283668890653343	0.0226699386305373	0.0283396987939482	0.0282427941063966	0.0226363943731531	0.0168964215463537	0.0171131066309884	0.022586617160666	0.0169489429034764	0.0171874370923348	0.0390891922012748	0.0227371709311776
CATD0558a	0.0169996795361932	0.0226731656709695	0.0170241666395504	0.0170574439156083	0.01706105806112	0.0169571089487223	0.0169720799549577	0.0169796104867744	0.0224389803430593	0.0169141485203793	0.0168728691472707	0.0168677718712738	0.0226608420834649	0.0281548075876019	0.0169297730544813	0.0226070683005795	0.0170803679235904	0.0168902754041209	0.0168516397323387	0.0226750640708063	0.0170370610379984	0.022787909203097	0.0227054823579837	0.0170178712150547	0.0169624877956393	0.0168847032947683	0.016962204307497	0.0171241275311142	0.0169161851565994	0.0170255649923087	0.0170782746511458	0.0392645479569289	0.0337315930856676	0.0169950447910161	0.0171876632995633	0.0226209260279905	0.0224989577647624	0.0168952927973701	0.0225968045650809	0.0226821215068997	0.0170190600962737	0.022511434225988	0.0227407444620457	0.0335890037881586	0.0170059294464504	0.0281855510518015	0.0225459134197878	0.0225558876513822	0.0168979535529709	0.0169131095101909	0.0225577085702453	0.0225180252267406	0.0281590934602932	0.0169198616716886	0.0168916367169065	0.0168541349294536	0.0225319199593295	0.0170031011414024	0.0226534508369091	0.0226154053801354	0.022428648882908	0.0226109803567654	0.0168911925061451	0.022561377698329	0.0280850641414159	0.0226287824223875	0.0169969524212442	0.0336700603589253	0.0169987263878766	0.0226434316912578	0.0281473073164097	0.017000318184422	0.0282743520630884	0.0226737162366148	0.022767618489991	0.0169651268068189	0.0170817161913944	0.0170507846056145	0.0168329481354164	0.0168501782147299	0.0170507356246296	0.0169120755049805	0.0167970761822848	0.0169574387223339	0.0283660335578983	0.0226707790493958	0.0283372233814851	0.0282436926817684	0.0226361901966075	0.0168968744800722	0.0171141721192044	0.0225871482804815	0.0169508413862636	0.0171858347430032	0.0390857454754129	0.0227371858129209
CATD337a	0.0254984858179886	0.0340097915237398	0.0255360367646679	0.0255858161786926	0.0255907875549646	0.0254351252571221	0.025457260171775	0.0254688382206415	0.0336587060012115	0.0253707979026615	0.0253091888002001	0.0253003768677247	0.0339894848807643	0.0422340576741184	0.0253949835316242	0.0339095184852485	0.0256215044368049	0.0253358336071167	0.0252772785228628	0.0340123675409973	0.0255551477981129	0.0341816963610468	0.0340566025174552	0.0255257540843269	0.0254443019155891	0.0253280900100488	0.0254449553202971	0.0256860311253085	0.0253746237525842	0.0255379938435822	0.0256175718490996	0.0588952675057096	0.0505940798536117	0.0254924396373616	0.0257811011016827	0.033933249095236	0.0337493574665043	0.0253443375488997	0.0338955936714935	0.0340243373889186	0.0255289542028604	0.0337687922767503	0.0341105016285692	0.0503856560055753	0.0255076536221267	0.0422787356626798	0.0338167545243831	0.033832054152645	0.0253490698940193	0.0253683898919971	0.0338361540351652	0.0337771299614934	0.0422370478350921	0.0253799445939571	0.0253359415772232	0.0252813109674557	0.033797422682233	0.0255040904372108	0.0339802961952883	0.0339223178793233	0.0336448916790874	0.0339166328703791	0.0253369074778149	0.033841656870966	0.0421290843639987	0.0339434910541056	0.025494434644987	0.0505007054485039	0.0254964501108213	0.0339656527838599	0.0422234510281973	0.0255003260867921	0.0424125837264795	0.0340117445007734	0.0341526171561363	0.0254479778587507	0.0256226146708324	0.0255763600872696	0.0252509278038328	0.0252748066477172	0.0255750833768307	0.0253676979597062	0.0251960731925324	0.0254389731367294	0.0425504512029688	0.0340051546551952	0.0425085866510041	0.0423649825509547	0.0339545640350824	0.0253448322452011	0.0256699546013324	0.0338802159524585	0.0254239698138991	0.0257806566486356	0.0586327138103133	0.0341057836820068
CATD331a	0.0254982697729644	0.0340099261836518	0.0255359618913443	0.0255856217960101	0.0255905011807243	0.0254350054491521	0.0254570487686733	0.025468618664279	0.0336587526169596	0.0253706721821372	0.0253091467516082	0.0252999614339849	0.0339889934087719	0.0422346324978225	0.0253950423944379	0.0339092041124778	0.0256218352232091	0.0253359821340996	0.0252772462850631	0.0340122483596583	0.0255549911409515	0.0341816999428536	0.0340559667309664	0.0255255127982112	0.0254445223631772	0.0253283156527049	0.0254455097421119	0.0256859383876755	0.02537474266199	0.025537862992795	0.025617610581522	0.0588946831261552	0.050593166749597	0.0254923645949448	0.0257810031151286	0.0339338348024053	0.0337496452766201	0.0253446871165691	0.0338957627306414	0.0340247138804168	0.0255291239914672	0.0337692798449722	0.034110459189424	0.0503863568529707	0.0255073691137182	0.042279164908958	0.0338161221253509	0.0338313875630392	0.0253497459703036	0.0253679738271461	0.0338359003728591	0.0337772097502863	0.0422364560990225	0.0253799261229872	0.0253355229237878	0.0252812620978442	0.0337972125229915	0.0255038864164807	0.0339801140911115	0.0339221055378223	0.0336455396082292	0.033916601947372	0.0253369525156057	0.0338415200896869	0.042129709116377	0.0339435736062808	0.0254941907780579	0.0504992458381294	0.0254959825808856	0.0339658424365794	0.0422242372462754	0.0255001978767148	0.0424129619981003	0.0340120806467472	0.0341531589647645	0.025448122977245	0.0256226757203622	0.0255764026097411	0.0252514510668822	0.0252746947566416	0.0255746554029506	0.0253675729567697	0.0251962750108943	0.0254398420441408	0.0425506825294907	0.0340048590555723	0.0425095016439421	0.0423645669385261	0.0339546297338026	0.0253446602994094	0.0256695832583769	0.0338800038007762	0.0254233024118524	0.0257812256401511	0.0586339379522486	0.0341057741234082
CATD0550a	0.0254990096923676	0.0340107951944991	0.0255358975281799	0.0255850037583198	0.0255902198522495	0.0254353384255934	0.0254574375127153	0.0254683244757606	0.0336585653223197	0.0253707121443016	0.025309099965099	0.0252998212349339	0.0339894091731233	0.0422346629776325	0.0253947470440051	0.0339093516798273	0.025622095969174	0.0253361151568902	0.0252774161310229	0.0340119007516545	0.025554851368303	0.0341820961014816	0.0340550012679452	0.025526114585172	0.0254448390583112	0.0253276409549893	0.0254458310121964	0.0256856287840445	0.0253748284290854	0.0255377085996416	0.0256175341563119	0.0588939384021235	0.0505939524313186	0.0254921095083498	0.0257811729968535	0.0339339127617466	0.0337496685172697	0.0253440958906558	0.0338961172878801	0.0340248536319103	0.0255295341461601	0.0337691399549813	0.0341115163032186	0.0503866169470629	0.0255080769949316	0.0422813332107796	0.0338162753155633	0.0338305474070279	0.0253498525037836	0.0253678145804511	0.0338349887090119	0.0337775772151603	0.0422357426208406	0.025379457336036	0.0253358742674182	0.0252806719332716	0.0337967195299869	0.0255036675435725	0.0339785447830796	0.033922333621665	0.0336459340849882	0.0339160213226905	0.025337012301693	0.0338414472172	0.0421308895763231	0.0339434623253532	0.0254946440832408	0.0504984978126256	0.0254962627042523	0.0339660824072243	0.042224356874643	0.0254996144078465	0.0424133346577875	0.034011898284895	0.0341544065458793	0.0254485255645588	0.025623023490401	0.0255763017506505	0.0252518662285697	0.0252749129499113	0.0255738481514162	0.0253675968585075	0.0251967046028134	0.0254398346029109	0.0425492391069924	0.03400498604683	0.0425099646398169	0.0423628223893975	0.0339544833682759	0.0253444900873424	0.0256698088530774	0.033879605434517	0.0254235958781031	0.0257810854859668	0.0586336405435996	0.0341056947004374
CATD334a	0.0424975677402711	0.0566846353256622	0.0425596814233605	0.0426414623359825	0.0426498146480936	0.0423918268799314	0.0424284262655611	0.0424468145609285	0.0560977881577754	0.0422842152618316	0.0421817543609402	0.0421654654488305	0.0566477234287165	0.0703924175622452	0.0423248273858898	0.0565148052269058	0.0427041552730919	0.0422271497162781	0.0421288874198196	0.0566863601064347	0.0425911116860231	0.056970016357242	0.0567572412881296	0.0425427374318415	0.042408451410027	0.042213513748288	0.042410872331998	0.0428092864945428	0.042291621741483	0.0425626054705713	0.0426960088291254	0.0981555035484849	0.0843208488304993	0.0424867742091166	0.0429683307081827	0.0565578407179981	0.0562501016750277	0.0422411921035776	0.0564937822022731	0.0567089031178636	0.0425494573057824	0.0562830768979598	0.0568520236306495	0.0839792097126537	0.0425125344805795	0.0704690453039734	0.0563589431147329	0.0563830324560724	0.0422512708488787	0.0422787935487396	0.0563914133904589	0.0562960047956824	0.0703918149712296	0.0422992329478461	0.0422253577421113	0.0421345671667235	0.0563275709443044	0.0425057265559114	0.0566310908059335	0.0565366459539534	0.0560778981120525	0.0565268538332608	0.042228434647169	0.0564021248789356	0.0702191355059004	0.0565726701102326	0.042490337643613	0.0841610874456953	0.0424925865376928	0.0566104821622795	0.0703756935224335	0.0424992859335421	0.0706896195279589	0.0566873415652231	0.0569247802689263	0.0424143890719466	0.042705046308688	0.0426273062635115	0.0420874898680724	0.0421245133853745	0.0426224041311132	0.0422790309367712	0.0419948077305853	0.0424017290139265	0.0709164855013533	0.0566742469868596	0.0708518713403002	0.0706044161174811	0.0565910131545941	0.0422404860126447	0.0427820726486105	0.0564656732061967	0.0423710095667691	0.042969840470193	0.0977256686196129	0.0568428329654593
CATD0557a	0.0510009563375916	0.0680255668200456	0.0510714124699943	0.0511670456685065	0.0511788229318016	0.0508719678826838	0.0509162852122076	0.0509350667135248	0.0673163762650376	0.0507414281347786	0.050617938620171	0.0505984666605463	0.067979966421894	0.0844702390833255	0.0507882846079029	0.067818920947584	0.0512457791273171	0.0506730125876787	0.0505555299806415	0.0680221222755926	0.0511088799629196	0.0683659265047527	0.0681049249837518	0.0510545288487702	0.0508913598172937	0.0506526427086616	0.0508938169186745	0.0513697801350531	0.0507501926433747	0.0510745656200725	0.0512347872383707	0.117783832656127	0.101190095644422	0.050983003592631	0.051562954643731	0.0678689606941822	0.0674998290665004	0.0506860851514922	0.067794011827499	0.0680508282725368	0.0510610892461478	0.067538330873577	0.0682275898726902	0.100775320430609	0.0510188581705374	0.0845727147121151	0.0676323611865457	0.0676565224914808	0.0507010875553217	0.0507343693421292	0.0676656532913188	0.067556866885865	0.0844675675149552	0.0507568431039761	0.0506727141989234	0.0505587011685552	0.0675910016880929	0.0510061027241726	0.0679499915845361	0.0678453747902522	0.0672944695445787	0.0678294659485796	0.0506743467199274	0.0676823906878319	0.0842677803057075	0.067886550878721	0.050990936141431	0.10099174932772	0.050993113830506	0.0679334697819676	0.0844503029316431	0.0509965076785703	0.0848288095069612	0.0680234566329728	0.0683149947048084	0.0508990055686392	0.0512476480277988	0.0511522209035966	0.0505062549535514	0.0505506265859803	0.0511435914403998	0.0507351284247747	0.0503955584793382	0.0508808158764641	0.0850924908374028	0.0680101253323133	0.0850231921966455	0.0847174648938367	0.0679084169307386	0.0506880037693843	0.0513400986128714	0.0677571838888868	0.0508475671893892	0.0515623312781277	0.117267643970267	0.0682110297062244
CATD0540a	0.00849972828439449	0.0113367338485047	0.00851202502276535	0.00852854297235736	0.00853030390263973	0.00847848791052757	0.00848591034049955	0.00848962783195737	0.0112195125320133	0.00845698544593382	0.00843640118211055	0.00843357576999468	0.011330089752221	0.0140778229398375	0.00846491115559491	0.0113033149838971	0.00854044006807654	0.00844525367402026	0.00842580687357414	0.01133742421456	0.00851840823146488	0.0113939814815733	0.0113522204750676	0.00850879733481714	0.00848142333560425	0.00844247409556127	0.00848152431163145	0.00856197747004418	0.0084581841539437	0.00851267804600441	0.00853916075837001	0.0196318041207648	0.016865181852394	0.00849745228662575	0.00859377093081892	0.011310892970536	0.0112496892348609	0.00844786392277831	0.0112985467367595	0.0113413426225775	0.00850967843936327	0.0112560624765505	0.0113704062122111	0.0167950265963426	0.00850280157678249	0.0140932200174542	0.0112725070254112	0.0112774084409228	0.00844947408534344	0.00845624296391625	0.011278614271348	0.0112590930552371	0.0140790734471868	0.00845988869615769	0.00844553598139706	0.00842699581892095	0.0112657772054266	0.00850138905291971	0.0113264970444756	0.0113075625252844	0.01121481896521	0.0113054321451212	0.0084456326112494	0.0112805850901986	0.0140430579415193	0.0113144443175256	0.00849832696423632	0.0168339247688858	0.00849904097131443	0.0113218682263806	0.0140742317241326	0.00850003026167294	0.0141374734674627	0.0113370909578802	0.011384279018743	0.00848269342223169	0.0085409237272304	0.00852541698937753	0.00841687936117532	0.00842502125571942	0.0085250076609472	0.00845594847483122	0.00839871092479312	0.00847934966533134	0.0141830962393063	0.0113351827250979	0.0141693042817818	0.0141214377175633	0.0113181338200412	0.00844830198854564	0.00855683031938654	0.0112933957191601	0.00847495419642821	0.00859332182594058	0.0195437431433015	0.0113685810999474
CATD344a	0.0084994779605524	0.011336605052782	0.00851200695749112	0.00852859262733336	0.00853024233388653	0.00847836565460413	0.00848573718450958	0.00848959743715505	0.0112195724630041	0.00845692341519763	0.00843639331502965	0.00843342908843147	0.0113297916859472	0.0140780609094643	0.00846499943260205	0.0113031496713168	0.00854052493424715	0.00844528836583995	0.00842575679421132	0.011337447951493	0.00851837152682438	0.0113938981798188	0.011352156773517	0.00850856585174429	0.00848144929037835	0.00844271453643946	0.00848169133966775	0.00856200431708977	0.00845821636656147	0.00851265544839999	0.0085391935969668	0.0196317150201809	0.016864625242359	0.0084974749870135	0.00859369287817366	0.0113111254030558	0.0112498066759575	0.0084481392010833	0.0112985427269253	0.0113414728362493	0.00850966283530481	0.0112562998123425	0.0113701618125548	0.0167952690041112	0.00850252899267081	0.0140929383179293	0.0112722052393385	0.0112773048068911	0.0084497388372533	0.00845610009238563	0.0112787015833374	0.0112590483113082	0.014078974527235	0.00845998121607652	0.00844528268154815	0.00842710139836069	0.0112657933754977	0.00850134913952254	0.0113267556074236	0.0113074233706185	0.0112150100907545	0.0113055433153075	0.00844563896629667	0.0112805425149592	0.0140430709148031	0.0113145032577337	0.00849812617626573	0.0168334641038783	0.00849878213193752	0.0113218975110429	0.0140745405199662	0.00850010066069943	0.0141375545681332	0.0113372729816687	0.0113842423407264	0.00848266894529166	0.00854087522977534	0.00852545667180415	0.00841701303210649	0.00842492694447618	0.00852499847442067	0.00845589018816312	0.00839870478240772	0.00847972084037237	0.0141835036966441	0.0113350298032425	0.0141695943291704	0.0141216344824528	0.011318193104081	0.00844826529869738	0.00855662406789648	0.0112933907803441	0.00847460748632765	0.00859359385094624	0.0195443275017073	0.0113685940402839
CATD0545a	0.0424993037181999	0.0566848227548761	0.0425599769065245	0.0426417991067411	0.0426509112591128	0.0423927157535414	0.042429804977155	0.04244758039074	0.0560973872072202	0.0422848526855311	0.0421819101487344	0.0421673119473416	0.0566504629631242	0.0703897065724072	0.0423242649343568	0.0565164446122757	0.0427028273149168	0.0422265686641304	0.0421292031814695	0.0566865964870395	0.0425917250515919	0.0569703773517205	0.0567593505884631	0.0425444619046554	0.0424077028107736	0.0422117942636101	0.0424085361056903	0.0428094330918403	0.0422911367730302	0.0425630818690803	0.0426957512635638	0.098157578460591	0.0843259512317455	0.0424868884841547	0.0429689599160616	0.0565551231601107	0.0562487519170549	0.0422389615514977	0.0564933146953216	0.0567072418226631	0.0425490393802662	0.0562806192488275	0.056853234771509	0.0839761171203779	0.0425145662355568	0.0704690684543534	0.0563621038383069	0.0563854081740841	0.0422481497875268	0.0422806248777952	0.0563917525182724	0.0562959751421447	0.0703939547695044	0.0422988736154464	0.0422276886849977	0.0421342369040153	0.0563281022535851	0.0425064902066186	0.0566304612161743	0.056537875814973	0.0560751860174253	0.056526447126681	0.0422282770163796	0.0564027073450725	0.0702172839823431	0.0565721703999981	0.0424919327172368	0.0841673312698071	0.0424950824977422	0.0566098071355311	0.0703720599325304	0.042499340262043	0.0706881720198283	0.0566855651854056	0.0569233881789378	0.0424140815224542	0.0427050871862537	0.0426270073133678	0.0420853917739105	0.0421252549789518	0.0426236738142043	0.0422796496128257	0.0419942556748141	0.0423975799922919	0.0709140053013081	0.0566757772476246	0.0708479515924033	0.0706047323793579	0.0565905602991659	0.0422411432068523	0.0427840580645469	0.056466304318745	0.0423744710136288	0.0429669944392174	0.0977195495347651	0.0568428027333535
CATD0554a	0.0254989794736525	0.0340101652026243	0.0255360435272744	0.0255856027485045	0.0255907954137733	0.0254353593948574	0.0254575714805181	0.0254688040351772	0.0336585853260127	0.0253708850862521	0.0253091871476972	0.0253005255031825	0.0339899586488677	0.042233768256478	0.0253948010077497	0.0339097608961729	0.02562146246762	0.0253358229299095	0.0252773826306046	0.034012252728255	0.0255551593321011	0.0341818973859658	0.0340564453555674	0.0255261903781609	0.0254443471567603	0.0253276246701124	0.0254448256813629	0.0256859217473058	0.0253746045860187	0.0255379841943002	0.0256175121481945	0.0588951961345545	0.0505949668448662	0.0254923487948222	0.0257812401173454	0.0339329782228734	0.0337492166445924	0.0253438492051386	0.0338956855761869	0.0340242091889219	0.0255290741993286	0.0337684618921937	0.0341110656377108	0.0503854173294774	0.025508167196886	0.0422796185591878	0.0338171685762781	0.0338319775228548	0.0253487657038752	0.0253685291055183	0.033835821656662	0.0337772758492532	0.0422369963728366	0.0253797142673387	0.0253363437056996	0.0252810345982392	0.0337972816759226	0.0255040865869143	0.0339795889772449	0.0339225473905386	0.0336447499193454	0.0339163518644393	0.025336914202914	0.0338416921262944	0.0421293575097065	0.0339433902459764	0.0254947962510326	0.0505010968277838	0.0254968416942464	0.033965675065508	0.0422230950989059	0.0255000952493851	0.0424125738851721	0.0340114727129908	0.0341529686976675	0.0254481070701604	0.0256227604142405	0.0255762858593285	0.0252508627937062	0.025274977788597	0.025574896980283	0.0253677765358246	0.025196186148792	0.0254385082390447	0.0425495890805231	0.0340053765643842	0.0425083382715263	0.042364309479842	0.0339544541987484	0.0253448363000254	0.025670267211707	0.0338801244743991	0.0254244742942022	0.0257802829214494	0.0586319118763549	0.0341057480711973
CATD0541a	0.0169988931810781	0.0226732386579517	0.0170239947165971	0.0170571389902615	0.0170604115169999	0.0169566971303001	0.0169714156369575	0.0169791394141292	0.0224391586826491	0.0169138134197585	0.0168727759327305	0.016866749933915	0.0226594507025273	0.0281562728887894	0.0169300167029231	0.0226062154191031	0.0170811348732377	0.01689061477331	0.0168515037549397	0.0226748672884732	0.0170367029254503	0.0227877941595401	0.0227041538475815	0.0170170634150927	0.016962954096979	0.016885493821865	0.0169635260717802	0.0171239866789724	0.0169164633533806	0.0170252776776431	0.0170783979958478	0.0392632821215884	0.0337290038937893	0.0169949322442439	0.0171873586154411	0.0226224043641619	0.0224996889282068	0.0168963751098857	0.0225971271426389	0.0226830436681748	0.0170193671103296	0.0225127290777955	0.0227403040671336	0.0335907204298265	0.0170049774777758	0.0281859724246591	0.0225442427960251	0.022554440811852	0.0168996547938553	0.0169120919268103	0.0225573436275047	0.0225181147102369	0.0281577989513402	0.0169199612891548	0.0168904523729479	0.0168541946147994	0.0225315353416563	0.0170026463108114	0.0226534757294755	0.0226147890367638	0.0224301876072342	0.0226110830971184	0.0168912893136405	0.0225610496029217	0.0280862969188465	0.0226290291286478	0.016996184562771	0.0336665499269029	0.0169974389729239	0.0226438430408275	0.0281492870481757	0.0170001722014508	0.0282752057527396	0.0226746358943033	0.0227686174047812	0.0169653728963901	0.0170817637706578	0.0170509253370299	0.0168341605097978	0.0168498227046571	0.0170498906970241	0.0169117472819973	0.0167974592815681	0.0169596704635328	0.0283670797371581	0.0226699807878787	0.0283394258400553	0.0282431734031026	0.0226364046633284	0.0168964866862406	0.0171131485968851	0.0225867288761506	0.0169490369632234	0.0171873385902702	0.0390889795955686	0.0227371861945496
CATD0556a	0.0169990447543172	0.0226736986779589	0.0170239135237856	0.0170567402260047	0.0170600863183922	0.0169567489433922	0.016971424192735	0.0169788573689771	0.0224391144547915	0.0169137387966505	0.0168727258996813	0.0168663898595574	0.0226592671732971	0.0281567029541772	0.0169299363240753	0.0226060486773755	0.0170814837381599	0.0168907780643609	0.0168515511486344	0.0226746358542293	0.0170365309176695	0.0227879618992906	0.0227032897705059	0.0170171390809901	0.0169632461711249	0.0168853764048646	0.0169640625402721	0.0171237902867608	0.0169165854415367	0.0170251183124165	0.0170783942602104	0.0392625473846012	0.0337286684323843	0.0169947714254055	0.0171873582861207	0.0226228621235522	0.0224999075851848	0.0168963824659074	0.022597397688251	0.0226833752813367	0.0170196613614317	0.0225130247711363	0.0227407139124704	0.0335913377116547	0.0170050659869394	0.0281871879445111	0.0225438474901929	0.022553606604039	0.0169001900783304	0.0169117234541949	0.0225567794239798	0.0225183258202556	0.0281570718979026	0.0169197524637021	0.0168902948609411	0.0168539131215481	0.0225311772475823	0.017002406940939	0.0226526893422223	0.0226147299398357	0.0224308224844767	0.0226108186109964	0.0168913469359321	0.0225609199137396	0.0280872426061162	0.0226290426793945	0.0169961964600494	0.0336651783385042	0.0169972162851218	0.0226440807731911	0.0281499077614606	0.0169998358929097	0.0282756357464027	0.0226748039406862	0.0227695308489551	0.0169656460808969	0.017081953064926	0.0170509141679299	0.0168347134937842	0.0168498324184549	0.0170492434561998	0.0169116664851002	0.0167977848908081	0.0169602982456272	0.0283666460033186	0.0226698190995276	0.0283402831854565	0.0282421444240597	0.0226363913523068	0.0168962908892056	0.017112973016833	0.0225864087806876	0.0169486747171063	0.0171876932921527	0.0390897444281008	0.0227371461468324
CATD335a	0.00849909889027676	0.0113359671641358	0.00851208639923891	0.00852909521333776	0.00853056928291573	0.00847820627033686	0.00848558659181317	0.0084898996891729	0.0112196724206672	0.00845695952308704	0.00843644492172931	0.00843372731814807	0.0113297622779452	0.0140777557104913	0.00846516432509297	0.011303208654697	0.00854018947856902	0.00844512726392928	0.00842566117035715	0.0113377355131553	0.00851854109787302	0.0113936360610038	0.0113531066549443	0.00850829007942734	0.00848113180564824	0.00844304598389205	0.00848120516460977	0.00856225378491905	0.00845810101268625	0.00851282182506252	0.00853922460593523	0.0196324943366414	0.0168645619079771	0.00849767984955786	0.00859362984861806	0.0113107836028987	0.0112496486210778	0.00844835431481771	0.0112982258542002	0.0113411942198065	0.00850930906395309	0.0112561498618097	0.0113694881675157	0.0167947503904356	0.00850220494132044	0.0140913004361294	0.0112724182996447	0.0112781876221947	0.00844933342724532	0.00845641115265454	0.0112794265388824	0.0112587672429398	0.0140797369595425	0.00846029845021814	0.00844525948352425	0.00842751347841461	0.0112662216131289	0.00850159418950891	0.0113278772443952	0.0113073788238431	0.0112144294180115	0.0113059402228034	0.00844557733378474	0.0112806582611333	0.0140419852187527	0.0113145354338104	0.00849794926142585	0.0168346797899011	0.00849882998494958	0.0113216457242824	0.014074071863362	0.0085005477011838	0.0141371220092838	0.0113372260624098	0.0113831536831406	0.00848233238574711	0.00854061640068265	0.00852550185764798	0.00841648061249117	0.00842483906422745	0.00852574128932904	0.00845593649442154	0.00839832234769028	0.00847929466757436	0.0141843375039567	0.0113350929952115	0.0141688361382899	0.014122987124768	0.0113182566975145	0.00844846245814331	0.0085566600371471	0.0112937578209626	0.00847474572693638	0.00859340368012825	0.0195439156545607	0.0113686509763397
CATD0546a	0.0339977030258665	0.045346596636534	0.0340479443030525	0.034114137974581	0.0341206486403942	0.0339133441286119	0.0339427327456455	0.0339581411485748	0.04487833394647	0.0338275585593515	0.0337455259815755	0.0337332604512077	0.0453186476277381	0.0563128687693499	0.0338600513624546	0.045212262512012	0.0341624679333154	0.0337813193424784	0.033702998085205	0.0453496503222958	0.0340733111666596	0.0455756103883624	0.0454079032533831	0.034034022382084	0.0339260475120339	0.033771079650744	0.0339273784555241	0.034247905815917	0.0338329975465325	0.0340504743617005	0.0341568137802004	0.0785261997296442	0.0674575369659957	0.033989809603231	0.0343746710405739	0.0452451402111928	0.0449995399802677	0.0337929157550796	0.045194366784156	0.0453663049533611	0.0340388499435909	0.0450257237235109	0.0454806379469296	0.0671818459557569	0.0340098317109607	0.0563722947178811	0.0450881397067918	0.0451084663035457	0.0337996930533509	0.0338239431192693	0.0451144992264298	0.0450362926521618	0.0563152308579716	0.0338398885040568	0.0337806884264885	0.0337083320080422	0.0450629281887258	0.0340051674445396	0.0453067701353777	0.0452294708827063	0.0448607575248617	0.0452221194918401	0.0337826068412172	0.0451220190250587	0.0561730029991353	0.0452580987847828	0.0339922557132959	0.0673322457340946	0.0339946306866889	0.0452878042926307	0.0562990198178103	0.0340002431524132	0.0565506419152615	0.0453494505282046	0.0455376009877568	0.0339308473366024	0.0341635792962099	0.0341018693443736	0.0336686346630398	0.0336995938905254	0.03409950117718	0.0338234258716167	0.0335950531820061	0.0339198264529815	0.0567342157222311	0.0453398027054955	0.056679386806235	0.0564860260258398	0.0452728386523905	0.0337928685968428	0.0342261009614607	0.0451733189365695	0.0338977155723938	0.034374988267903	0.0781786286807278	0.0454743630208769
CATD0542a	0.0339991514576116	0.045347961247639	0.0340478994652016	0.0341132529100365	0.0341204172241906	0.0339140155155021	0.0339435785539475	0.033957829917765	0.0448779743006025	0.033827735607032	0.033745482663562	0.0337333814219564	0.0453197821573874	0.0563124226727809	0.0338594969170131	0.045212786436036	0.0341626257847133	0.0337814173985505	0.0337033155309919	0.045349161065324	0.0340732086493394	0.0455762825633561	0.0454068084303286	0.0340352572279435	0.0339263963346542	0.0337697340778611	0.0339274457071464	0.0342474584279589	0.0338330407140792	0.0340503245630418	0.034156649949008	0.0785254366295792	0.0674596673638169	0.0339894398112654	0.0343750455148079	0.0452447656167142	0.044999330224706	0.0337916050915322	0.0451948246703261	0.0453662169609152	0.0340394019672425	0.0450250628222337	0.0454824766379369	0.0671816820596038	0.0340112848510581	0.0563756188138518	0.0450889487666702	0.0451076117636412	0.0337992888657718	0.0338240321688781	0.0451131650191569	0.045036849887831	0.0563145273925054	0.0338391054299086	0.0337816500537271	0.0337073683764205	0.0450622699405409	0.0340049711334135	0.0453042529293941	0.0452300436482065	0.0448608685433957	0.0452211565718977	0.0337826697278987	0.045122013322162	0.0561744738589973	0.045257837572454	0.0339932396983303	0.0673322353432087	0.03399551326296	0.045288049015284	0.0562985425198502	0.0339993596779727	0.0565509493877684	0.0453488484294456	0.0455392581260127	0.0339314078363809	0.034164119197223	0.0341016605801681	0.0336688889563344	0.0337000627624247	0.0340984959784289	0.0338235749214959	0.0335956105857617	0.0339190609110274	0.0567315548826863	0.0453402752903746	0.0566793832248118	0.0564834124312482	0.0452725322385978	0.0337927274402445	0.034226807249595	0.0451728237122265	0.0338987940700826	0.0343742563677279	0.0781770610801311	0.0454742359211739
CATD338a	0.0169986600958335	0.0226732140981621	0.0170239548967347	0.0170570931882309	0.0170602637030543	0.016956577748323	0.0169712303682318	0.0169790361116856	0.0224392125046479	0.0169137276566302	0.0168727549286095	0.0168665012974886	0.0226590822950989	0.0281566377968726	0.0169300921791277	0.0226059948799245	0.0170813138094668	0.0168906930819378	0.0168514613855143	0.022674835206039	0.0170366202624272	0.0227877458757686	0.02270386920585	0.0170168317723246	0.0169630550975612	0.0168857247372801	0.0169638407619556	0.017123966710067	0.0169165286933786	0.0170252134384264	0.0170784326041152	0.0392630022777984	0.0337283177411671	0.0169949166675962	0.0171872740578629	0.0226227701927213	0.0224998706162287	0.0168966748763151	0.0225971903387742	0.0226832673768859	0.0170194236757544	0.0225130597567792	0.0227401418656654	0.0335911368758344	0.0170047045579307	0.0281859709734399	0.0225438174972061	0.0225541204079344	0.016900074953753	0.0169118453174875	0.0225572972827978	0.0225181189835624	0.0281575103982089	0.0169200092934595	0.0168901389102868	0.0168542386132929	0.0225314634517868	0.0170025433594866	0.0226535592640535	0.0226146236791808	0.022430552943472	0.0226111373918709	0.0168913105757991	0.0225609711501584	0.0280865470302697	0.0226290963015284	0.0169959702224436	0.0336657089673965	0.0169971032451595	0.0226439340800407	0.0281497762017192	0.0170001644411723	0.028275400865672	0.0226748748454861	0.0227688057304436	0.0169654145999846	0.0170817585357547	0.017050965496681	0.016834443220749	0.016849723057658	0.017049719184733	0.0169116640298711	0.016797533915128	0.0169602288938644	0.0283674124505961	0.0226697749204891	0.0283399537725469	0.0282431294965866	0.0226364655028675	0.0168963981007483	0.0171128815437543	0.022586643625946	0.0169485712963599	0.0171877215431627	0.0390898029632151	0.0227371902026524
CATD332a	0.00849948372499178	0.0113366693097762	0.0085119925924737	0.0085285323322298	0.0085301855977298	0.00847836490603658	0.00848572572347678	0.00848954993477562	0.0112195698092117	0.00845690684562941	0.00843638470494916	0.00843336044877761	0.0113297401500686	0.0140781475439866	0.00846499307986181	0.0113031106679286	0.00854058719400222	0.00844531713450303	0.00842576068607726	0.0113374125808643	0.00851834121051877	0.0113939189169649	0.011352013424859	0.00850856083447236	0.00848149807267116	0.00844271351933388	0.00848178978694162	0.00856197479890429	0.00845823834113036	0.00851262820595032	0.00853919543151677	0.0196315905395894	0.0168645301691038	0.00849745086867179	0.00859368704037112	0.0113112160702482	0.0112498504602626	0.00844816078383135	0.0112985858344454	0.0113415356892216	0.00850970888667111	0.0112563648420428	0.0113702094516975	0.0167953860034537	0.00850252298964108	0.0140931124501288	0.0112721194515957	0.011277163290633	0.00844984433749641	0.00845603038775098	0.011278617537147	0.0112590788642806	0.0140788505515715	0.00845995457060272	0.00844523863763573	0.00842706406242405	0.0112657371234989	0.00850130777822637	0.0113266486078861	0.0113074035758419	0.0112151261121542	0.0113055091222577	0.0084456486818834	0.0112805185528888	0.0140432235967226	0.0113145098001606	0.00849811320334484	0.0168332099117126	0.00849872722104278	0.0113219378218652	0.0140746629902646	0.00850005192308692	0.0141376295646118	0.0113373134329398	0.0113843861697896	0.00848271095923529	0.00854090200456252	0.00852545782101293	0.00841711165672406	0.00842492151290514	0.00852489395411749	0.00845587290560548	0.00839875656594903	0.00847984906806024	0.0141834643101952	0.0113349925289416	0.0141697533737408	0.0141214839827054	0.0113181953624506	0.00844823116688298	0.00855658061230264	0.0112933390601031	0.00847452367288726	0.00859367091865674	0.0195444935172935	0.0113685885743576
CATD339a	0.0084995057577127	0.0113367499895025	0.00851197745956598	0.00852846103874774	0.00853012522258433	0.0084783716345305	0.00848572348604764	0.00848949807489469	0.0112195630932278	0.00845689194279178	0.00843637545114692	0.00843329188014156	0.0113297003126356	0.0140782308151295	0.00846498042254263	0.0113030767836194	0.00854065237484713	0.00844534753317042	0.00842576819235123	0.0113373710924124	0.00851830918560081	0.0113939475402313	0.0113518551902026	0.00850856950153836	0.00848155165574053	0.0084426974700356	0.00848189081858862	0.00856193973907691	0.00845826120671438	0.00851259878461028	0.0085391954722949	0.0196314552257031	0.0168644570946298	0.00849742217506212	0.0085936852720144	0.0113113042469726	0.0112498927198924	0.00844816814490943	0.0112986348539022	0.0113415987313296	0.00850976195515628	0.0112564237091931	0.0113702784935438	0.0167955033537491	0.00850253308820565	0.0140933269149427	0.0112720410927747	0.011277009603475	0.00844994729341692	0.00845596037813372	0.0112785170387947	0.0112591162037995	0.0140787164173934	0.00845991869158141	0.00844520450257899	0.00842701527921108	0.0112656724791484	0.00850126345605099	0.0113265115292587	0.0113073898029383	0.0112152455336521	0.0113054635484221	0.00844565928012442	0.0112804940807896	0.0140433955341482	0.0113145135499894	0.00849811096757053	0.0168329508681661	0.00849868113454645	0.0113219816141491	0.0140747824166522	0.00849999242014648	0.0141377093888567	0.0113373479198696	0.011384551167839	0.00848276000965557	0.00854093530209923	0.00852545666234178	0.00841721495593812	0.00842492121159078	0.00852477627114868	0.0084558569641101	0.0083988155334247	0.00847997114300835	0.0141833945016536	0.0113349598331145	0.0141699153412544	0.0141213015180287	0.0113181942440768	0.00844819482425745	0.00855654422757555	0.0112932808508746	0.008474450331404	0.00859374125590699	0.0195446451351269	0.011368581588488
CATD0555a	0.00849923966343952	0.0113365532197987	0.00851197269203655	0.00852857159234549	0.00853011657094823	0.00847824515711495	0.00848555450891681	0.0084895128419125	0.0112196280438406	0.00845684358183298	0.00843637567439038	0.00843320629330984	0.0113294405041381	0.0140783938134428	0.00846507848003745	0.0113029428668249	0.0085406798730653	0.00844535553349149	0.00842571228329309	0.0113374303355863	0.00851830060242191	0.0113938406110328	0.0113519289093098	0.00850833354121124	0.00848153101880421	0.00844294864451185	0.00848196846457042	0.00856199650257607	0.00845827326284084	0.00851260187786679	0.00853922784947118	0.0196314840894014	0.0168639707894797	0.00849746935017513	0.00859360975894086	0.0113114575453715	0.0112499721566589	0.00844843349596881	0.0112985885807497	0.0113416728347086	0.00850970074299624	0.0112566071483048	0.0113699776665929	0.0167956413142473	0.00850225532457792	0.0140928637378967	0.0112718108658097	0.011277039982829	0.00845011973379039	0.00845587979579027	0.0112786899713443	0.0112590398077928	0.0140787345708048	0.00846004098272891	0.00844498395697636	0.00842716159974067	0.011265744242679	0.00850126232119864	0.0113268850674757	0.0113072643436584	0.0112153310895929	0.0113056126166844	0.00844565640390432	0.011280473183342	0.014043259916463	0.0113145684882122	0.00849791471567211	0.0168327197979615	0.00849846543822818	0.0113219727156407	0.0140749841113926	0.00850011327053244	0.0141377205297371	0.01133749781077	0.0113843725336084	0.00848269350831555	0.00854085869046888	0.0085254968299282	0.00841725772031832	0.00842482838453931	0.00852486879203847	0.00845581319523113	0.00839875856791129	0.00848023212098971	0.0141838569317635	0.0113348371202824	0.014170061807856	0.0141216532391522	0.0113182537240767	0.00844818998287967	0.00855637206167735	0.0112933262244657	0.00847417143234305	0.00859394903258956	0.0195450910270354	0.0113686003913235
CATD0551a	0.00849989320319045	0.0113371278804634	0.00851196236275012	0.00852821187231265	0.00853005111200876	0.00847855047771405	0.00848594649080481	0.00848940470362721	0.0112194666230539	0.00845693552347553	0.00843636201831993	0.00843330912026215	0.0113299915315372	0.0140781308251001	0.00846483120533691	0.01130320794247	0.00854070807954883	0.00844537996964731	0.00842585368183141	0.0113372329089009	0.0085182752211416	0.0113941312930683	0.0113515319312705	0.00850889764193039	0.00848165532978706	0.00844233848742969	0.00848193028256667	0.00856181399888382	0.00845827752261141	0.0085125528862162	0.00853915219246437	0.0196312245385905	0.016865004311646	0.00849731830481114	0.00859378383841626	0.0113112242030741	0.0112498463711735	0.0084478234131421	0.0112987663655239	0.0113415890182605	0.00850991920985934	0.0112562617217949	0.0113707791501299	0.0167954852463639	0.00850291921516145	0.0140942512816317	0.0112722380422387	0.0112767508102576	0.00844986260373268	0.00845596887441596	0.0112781429257311	0.0112592714582115	0.0140785017406543	0.00845970407820705	0.00844545126049353	0.00842675018683064	0.0112654846714204	0.00850120206819491	0.0113258169814668	0.0113075381854914	0.0112153005108313	0.0113051993332289	0.00844567817220567	0.0112804873190926	0.0140438210944361	0.0113144453358919	0.00849837048267466	0.0168328924987757	0.00849890443877338	0.0113220556798442	0.0140746819459147	0.00849974620561601	0.0141378077718052	0.0113371962345607	0.0113850244577884	0.0084829186411882	0.00854108510830526	0.00852540125245131	0.00841730432824262	0.00842504503539753	0.00852448540092972	0.00845589292399662	0.00839897547637228	0.00847979507921088	0.0141826764467847	0.0113350776819887	0.0141699491738677	0.0141205717561417	0.0113181130412043	0.00844814972313492	0.00855672303499677	0.011293137500209	0.00847471955091196	0.0085935629716482	0.0195442634896428	0.011368546505284
CATD345a	0.0594969393389164	0.079355916683535	0.0595842420533741	0.0597006329653498	0.0597124345066245	0.0593488857884083	0.0594007282191155	0.0594277449690161	0.0785368780911758	0.0591987942741845	0.0590548613799579	0.0590350847919139	0.0793098433011263	0.0985449240711558	0.0592548306775545	0.0791228756441591	0.0597828194148361	0.0591166352148142	0.0589803884302489	0.079362433974486	0.059629005038221	0.0797572931719958	0.0794667230934767	0.0595606152678051	0.0593695806608674	0.0590983855529865	0.059370401661486	0.0599342608352542	0.0592072068627769	0.059588924427828	0.0597742509247466	0.137423504878433	0.11805479525818	0.0594825113452485	0.0601561129874552	0.0791763488917219	0.0787478948511075	0.0591360372953094	0.0790893705854088	0.0793893305183366	0.059567211580782	0.0787928180390466	0.0795912844664849	0.117565059971702	0.0595184743961866	0.0986495291583965	0.0789070966456512	0.0789428447273382	0.0591464076698596	0.0591937827355331	0.0789515393787712	0.0788131436636264	0.0985543418743179	0.0592198987407837	0.0591180873259411	0.0589898148433735	0.0788610842901533	0.0595099691568749	0.0792877050164054	0.0791525277789141	0.0785033911714248	0.0791388616900461	0.0591193572724272	0.078964152549759	0.0982999078782413	0.0792013025935299	0.0594875385620572	0.117838037532769	0.0594927085695237	0.0792527957909345	0.0985197318743921	0.0595010174556988	0.0989619069698589	0.0793600246360115	0.0796883273910497	0.059378318584296	0.0597859803463553	0.0596780815930831	0.0589177386271783	0.0589747896829102	0.0596760775618174	0.0591915591885456	0.0587904221853751	0.0593557729388479	0.0992838651549408	0.0793459866721249	0.0991847849690328	0.0988524611305104	0.0792271742453732	0.0591383002550775	0.0598973484375238	0.0790542749855489	0.0593240093372142	0.0601536633337038	0.13680707925495	0.0795801802191275
