	Signature.A	Signature.B	Signature.C	Signature.D
ACA>AAA	0.00866994183116421	0.00856674007517833	0.008457362047718	0.00844493748554348
ACC>AAC	0.0106638541243344	0.0107708164007409	0.0106494909752336	0.0106783770157983
ACG>AAG	0.00849305570814132	0.00844604328876322	0.00852212544566892	0.00843757432284466
ACT>AAT	0.00854038124965575	0.00859565706385234	0.00854902861265337	0.00864449403684909
CCA>CAA	0.00842846980518843	0.0084825819753422	0.00852378704612712	0.00851413600112698
CCC>CAC	0.00856409628159401	0.00857985205009617	0.00854339922164782	0.00851759924248025
CCG>CAG	0.0085804965501698	0.00859142139915784	0.00853559450054468	0.00851081861079124
CCT>CAT	0.014785781033631	0.014985763835346	0.01503265329585	0.0149469742307674
GCA>GAA	0.0106017005305347	0.0106320298009661	0.0106990482243701	0.0105867124096628
GCC>GAC	0.00865558311789694	0.00851095200725393	0.0085405292207724	0.00853653315675236
GCG>GAG	0.00860293469292115	0.00853671613567988	0.00838025866890453	0.00844161425869732
GCT>GAT	0.0107608199957096	0.010737168469859	0.0106995221082217	0.0106145222449781
TCA>TAA	0.0128623695266595	0.01290384918334	0.0127957434556915	0.0129069237352288
TCC>TAC	0.0128959807864185	0.0129171142564883	0.012823689533064	0.0127529323601754
TCG>TAG	0.00864565790515579	0.00851276775749402	0.0085949055618528	0.00856017910446606
TCT>TAT	0.0107187893272583	0.0106559821470026	0.0106958734492563	0.0106173555568355
ACA>AGA	0.00850027769150444	0.00857342947648886	0.00861834448105769	0.00863924342112642
ACC>AGC	0.00859398504084917	0.00856690699195077	0.00863760334763744	0.00854765920507801
ACG>AGG	0.00860959153539067	0.00855789866737201	0.00861401526885976	0.00855319566179875
ACT>AGT	0.00866730825904747	0.00852977850349575	0.00860598387291414	0.00863948835576183
CCA>CGA	0.010685507804761	0.0107679231817652	0.0107460624742842	0.0105627114748256
CCC>CGC	0.0105539922004105	0.0107760201204998	0.0107460040022699	0.0107373700368985
CCG>CGG	0.00856174578422553	0.00851967644306014	0.00858945025167612	0.00862747796796387
CCT>CGT	0.0127094113129932	0.0127193723324345	0.0128281560684539	0.0128477705993547
GCA>GGA	0.0126433487249531	0.012963060466853	0.0126591999382633	0.0128830872894673
GCC>GGC	0.0106765806521546	0.0106924762578405	0.0109075058240357	0.0106629262669849
GCG>GGG	0.0126938083932069	0.0129065398558843	0.0127721637911815	0.01279423157798
GCT>GGT	0.0107229836443408	0.0106140033548925	0.0106533016299543	0.0106831403894615
TCA>TGA	0.0108000219677992	0.0108419618003797	0.0106967229904414	0.0106778208567895
TCC>TGC	0.0127956524104006	0.0127471222889533	0.0126400923839039	0.0127716318311642
TCG>TGG	0.0085494284329158	0.00861540094263452	0.00855057191258378	0.00850921046777773
TCT>TGT	0.0172003736603823	0.0169289990484619	0.0168455420758762	0.0169571372119523
ACA>ATA	0.0126068139950352	0.0130101585205743	0.0128117044182621	0.0129595143597287
ACC>ATC	0.012807352567659	0.012737640134039	0.0129813464136105	0.0126834247251377
ACG>ATG	0.00849895597035006	0.00868012787108302	0.00856148610903379	0.00850932958260979
ACT>ATT	0.008507278164369	0.008655835637377	0.00869359235791905	0.00846959380804587
CCA>CTA	0.0148605927639878	0.0148964639717423	0.0147689525264502	0.0149874847268342
CCC>CTC	0.0191922835822869	0.0191194627111606	0.0190913445568693	0.0190242793120019
CCG>CTG	0.00858257319428398	0.00852728834500269	0.00851537908914698	0.00855838690271836
CCT>CTT	0.0128291925565102	0.0128177591206454	0.0126011401949256	0.0129301156865522
GCA>GTA	0.0106220349893453	0.010650317543854	0.0107676030851455	0.0108453811883844
GCC>GTC	0.0107639564643549	0.0105591564057879	0.0106041683107376	0.0107037138457619
GCG>GTG	0.00861825973923526	0.00857997071225565	0.00855706217626453	0.00858226345806807
GCT>GTT	0.0106368138275683	0.0106918355802859	0.0107419959893104	0.0106503973031638
TCA>TTA	0.0107215028211561	0.0106348425814616	0.0106122881306778	0.0107335931191809
TCC>TTC	0.0171109751219833	0.0171329155692585	0.0170539981660939	0.0168921735267874
TCG>TTG	0.0106959949648963	0.0107062610162068	0.0108345556826001	0.0106444844276314
TCT>TTT	0.0214122247086933	0.0209601648862657	0.0209728338889724	0.021501313218782
ATA>AAA	0.0128654881165127	0.0128910040245296	0.0127819050521783	0.0128726807999478
ATC>AAC	0.00866539737642826	0.00860515162696018	0.00853994092043295	0.0085814784636426
ATG>AAG	0.0085485732510199	0.0086477365419574	0.00853058548756979	0.00838285887309802
ATT>AAT	0.0127569688603671	0.0129842850581354	0.0129133092507932	0.0126972205922992
CTA>CAA	0.00839981050591936	0.00852325877967921	0.00865843535336054	0.00854977748382828
CTC>CAC	0.00850033058866434	0.00858249367656199	0.00858010174723198	0.00861122281982478
CTG>CAG	0.0108556209598088	0.0107665312955139	0.0106103593970421	0.0108294907445162
CTT>CAT	0.00869052343417781	0.00860463763641527	0.00861543758039877	0.008721311740798
GTA>GAA	0.00869988724076881	0.00844981490050236	0.00848741443560798	0.00867873818214492
GTC>GAC	0.0085434833985041	0.00854273453249844	0.00862174129638885	0.00848349015070169
GTG>GAG	0.0106212310773319	0.0105948163915262	0.0106243636158713	0.0106591935648814
GTT>GAT	0.00858562869807532	0.00857953340972227	0.00846979073321606	0.00866026579458988
TTA>TAA	0.00867335698880794	0.00866948881024152	0.00860284597480598	0.0086481017079439
TTC>TAC	0.00864102815876407	0.00857280582053946	0.00852629039288205	0.0086263635628251
TTG>TAG	0.00855709639238644	0.00849710102384865	0.00858412377871959	0.00864815678558295
TTT>TAT	0.0084879221957953	0.00851543161398491	0.00859299723596266	0.00852361533777078
ATA>ACA	0.012612663632387	0.0130123555624688	0.0127504307236656	0.0127440314906156
ATC>ACC	0.0105156521108971	0.0106141141547078	0.0107908058739052	0.0105960804124075
ATG>ACG	0.00861008468909296	0.00858613780115466	0.0087268488777736	0.008587143122958
ATT>ACT	0.00854887425490236	0.00855200011248876	0.00858819712395698	0.00860351460300904
CTA>CCA	0.0107515313364472	0.0108141155964472	0.0106496574723586	0.0106874620406922
CTC>CCC	0.0106972513290082	0.0106878018449557	0.0105249422188518	0.0107685276557879
CTG>CCG	0.0106045841678116	0.0106808906068785	0.0106932280256403	0.0106741197110018
CTT>CCT	0.00851919811652115	0.00851319370932224	0.00852970119014262	0.00853947865920587
GTA>GCA	0.00862672650248252	0.00853138680757298	0.00854624047073367	0.00863604855688366
GTC>GCC	0.00855048611981378	0.00853377507117772	0.00846935521836045	0.00847683063712173
GTG>GCG	0.0106990872452455	0.010651388549118	0.0107695628307259	0.0105943254811871
GTT>GCT	0.0126774694416993	0.0127491523496536	0.0128016629144839	0.0128275214265758
TTA>TCA	0.00851568015903944	0.00861327690342289	0.00853141799402776	0.00849446291760231
TTC>TCC	0.00850466886938579	0.00852925483602629	0.00858155567861757	0.00865955321665733
TTG>TCG	0.010596563374165	0.0107566070525624	0.010772125414908	0.0106208079104227
TTT>TCT	0.00851009891759552	0.00855430817295032	0.00852858793763423	0.00855412714847492
ATA>AGA	0.00850424272891764	0.00861503746163736	0.00854311791559139	0.00866799621784447
ATC>AGC	0.0106582759669145	0.0105202564886934	0.0106678716075393	0.0105939246770226
ATG>AGG	0.0149433372806284	0.0147902623326726	0.0149938189160041	0.0147833526621281
ATT>AGT	0.0106080296507829	0.0107365227182417	0.0107356816482874	0.0106469340740275
CTA>CGA	0.00849601311736578	0.00846011297476319	0.00845267235850577	0.00860704641468173
CTC>CGC	0.00868575371580154	0.0085046978531239	0.0085461011082026	0.0085464959802276
CTG>CGG	0.0108390226852841	0.0107329048796655	0.0106804100554447	0.0107744018353954
CTT>CGT	0.0106662399423213	0.0106832560689785	0.0107787042617245	0.0106085826625035
GTA>GGA	0.00849035977725821	0.00853361623075361	0.00856790003200973	0.00861667744065323
GTC>GGC	0.00853321858329953	0.00847659639462783	0.00866324920886192	0.00855509117258276
GTG>GGG	0.0107200533107803	0.0105461504147556	0.0107752991028346	0.0105575047789577
GTT>GGT	0.0107796608337792	0.010575680089561	0.0106476765194183	0.0107158099459876
TTA>TGA	0.0127793816936528	0.0126494751585434	0.012843708882151	0.0129949401748147
TTC>TGC	0.00862921487406376	0.00855717796016235	0.00866204817187009	0.00845946356829132
TTG>TGG	0.00850674029072461	0.00861102890032995	0.00860938878983383	0.00862387375315904
TTT>TGT	0.00862675262511527	0.00849441361343761	0.0085152064264828	0.00852866746795248
